userId,id,title
1,1,"quidem molestiae enim"
1,2,"sunt qui excepturi placeat culpa"
1,3,"omnis laborum odio"
1,4,"non esse culpa molestiae omnis sed optio"
1,5,"eaque aut omnis a"
1,6,"natus impedit quibusdam illo est"
1,7,"quibusdam autem aliquid et et quia"
1,8,"qui fuga est a eum"
1,9,"saepe unde necessitatibus rem"
1,10,"distinctio laborum qui"
2,11,"quam nostrum impedit mollitia quod et dolor"
2,12,"consequatur autem doloribus natus consectetur"
2,13,"ab rerum non rerum consequatur ut ea unde"
2,14,"ducimus molestias eos animi atque nihil"
2,15,"ut pariatur rerum ipsum natus repellendus praesentium"